{
  "cheap": "less than 300",
  "between rs. 100 and 300": "less than 300",
  "pocket-friendly": "less than 300",
  "budget": "less than 300",
  "low cost": "less than 300",
  "< 300": "less than 300",
  "budget friendly": "less than 300",
  "budget-friendly": "less than 300",
  "low-cost": "less than 300",
  "inexpensive": "less than 300",
  "under 300": "less than 300",
  "below 300": "less than 300",
  "upto 300 rs": "less than 300",
  "300": "less than 300",
  "less than rs. 300": "less than 300",
  "upto 300": "less than 300",
  "<300": "less than 300",
  "reasonable": "300 to 700",
  "between rs. 300 and 700": "300 to 700",
  "around 700": "300 to 700",
  "< 700": "300 to 700",
  "mid budget": "300 to 700",
  "mid range": "300 to 700",
  "medium price": "300 to 700",
  "> 300": "300 to 700",
  "within 500 rs": "300 to 700",
  "good price": "300 to 700",
  "rs.300": "300 to 700",
  "rs.500": "300 to 700",
  "upto 700 rs.": "300 to 700",
  "700": "300 to 700",
  "expensive": "more than 700",
  "more than rs 700": "more than 700",
  ">700": "more than 700",
  "> 700": "more than 700",
  "gourmet": "more than 700",
  "classy": "more than 700",
  "high class": "more than 700",
  "fancy": "more than 700",
  "> 700 rs": "more than 700",
  ">700 rs": "more than 700",
  "above 700": "more than 700",
  "over 700 rs.": "more than 700",
  "chines": "Chinese",
  "chinees": "Chinese",
  "mxcn": "Mexican",
  "mecscn": "Mexican",
  "mexica": "Mexican",
  "mexic": "Mexican",
  "mexican": "Mexican",
  "italian": "italian",
  "itln": "Italian",
  "italn": "Italian",
  "american": "American",
  "amrcn": "American",
  "america": "American",
  "amrc": "American",
  "south": "South Indian",
  "sothind": "South Indian",
  "north": "North Indian",
  "nrthind": "North Indian",
  "ahmadabad": "Ahmedabad",
  "ahmdbd": "Ahmedabad",
  "ahmdbad": "Ahmedabad",
  "ahmedabad": "Ahmedabad",
  "bangalore": "Bangalore",
  "bengaluru": "Bengaluru",
  "bnglr": "Bangalore",
  "bnglor": "Bangalore",
  "madras": "Chennai",
  "chn": "Chennai",
  "chenai": "Chennai",
  "dilli": "Delhi",
  "dehli": "Delhi",
  "deli": "Delhi",
  "delhi": "Delhi",
  "hydrbd": "Hyderabad",
  "hyderabad": "Hyderabad",
  "klkta": "Kolkata",
  "kolkata": "Kolkata",
  "calcutta": "Kolkata",
  "calcuta": "Kolkata",
  "bombay": "Mumbai",
  "mumbai": "Mumbai",
  "bmbay": "Mumbai",
  "bmby": "Mumbai",
  "pune": "Pune",
  "poona": "Pune",
  "puna": "Pune",
  "pona": "Pune",
  "azmer": "Ajmer",
  "ajmer sharif": "Ajmer",
  "ajmer": "Ajmer",
  "ajmer shareef": "Ajmer",
  "aligarh": "Aligarh",
  "aligadh": "Aligarh",
  "algdh": "Aligarh",
  "illahabad": "Allahabd",
  "allahabad": "Allahabd",
  "prayagraj": "Allahabd",
  "amravati": "Amravati",
  "amrvati": "Amravati",
  "amrtsr": "Amritsar",
  "amritsar": "Amritsar",
  "arngabad": "Aurangabad",
  "aurangabad": "Aurangabad",
  "bareilly": "Bareilly",
  "barely": "Bareilly",
  "bareilli": "Bareilly",
  "bareli": "Bareilly",
  "barele": "Bareilly",
  "belgaum": "Belgaum",
  "blgam": "Belgaum",
  "belgam": "Belgaum",
  "bhaonagar": "Bhavnagar",
  "bhavnagar": "Bhavnagar",
  "bhvngr": "Bhavnagar",
  "bhiwani": "Bhiwandi",
  "bhiwandi": "Bhiwandi",
  "bhopal": "Bhopal",
  "bhpal": "Bhopal",
  "bhubaneswar": "Bhubaneswar",
  "bhubaneswhar": "Bhubaneswar",
  "bhvnswr": "Bhubaneswar",
  "bhuvnswar": "Bhubaneswar",
  "bikaner": "Bikaner",
  "bkner": "Bikaner",
  "bkaner": "Bikaner",
  "bokaro": "Bokaro",
  "bokaaro": "Bokaro",
  "bokaro steel city": "Bokaro",
  "bkaro": "Bokaro",
  "chandigadh": "Chandigarh",
  "chndigdh": "Chandigarh",
  "chndigadh": "Chandigarh",
  "cmbtr": "Coimbatore",
  "coimbatore": "Coimbatore",
  "koimbatore": "Coimbatore",
  "coiambatore": "Coimbatore",
  "cuttack": "Cuttack",
  "cutack": "Cuttack",
  "katak": "Cuttack",
  "ctck": "Cuttack",
  "dehradum": "Dehradun",
  "dehradoon": "Dehradun",
  "dhraadun": "Dehradun",
  "dhanbad": "Dhanbad",
  "dhanbaad": "Dhanbad",
  "durg-bhilai nagar": "Bhilai",
  "durg bhilai nagar": "Bhilai",
  "bhilai nagar": "Bhilai",
  "bhilai steel city": "Bhilai",
  "durgapur": "Durgapur",
  "dorgapur": "Durgapur",
  "doorgapoor": "Durgapur",
  "faridabad": "Faridabad",
  "fridabad": "Faridabad",
  "firozabad": "Firozabad",
  "firojabad": "Firozabad",
  "firozaabaad": "Firozabad",
  "firozbad": "Firozabad",
  "ghaziabad": "Ghaziabad",
  "gajiabad": "Ghaziabad",
  "gajiyabaad": "Ghaziabad",
  "ghaziabaad": "Ghaziabad",
  "gorakhpur": "Gorakhpur",
  "gulbarg": "Gulbarga",
  "gulbarga": "Gulbarga",
  "gurgaon": "Gurgaon",
  "gurugram": "Gurgaon",
  "gorgaon": "Gurgaon",
  "gohati": "Guwahati",
  "guwahati": "Guwahati",
  "gohaati": "Guwahati",
  "gwalior": "Gwalior",
  "gwaliar": "Gwalior",
  "hubballi": "Hubli-Dharwad",
  "dharwad": "Hubli-Dharwad",
  "hubli-dharwad": "Hubli-Dharwad",
  "hubali": "Hubli-Dharwad",
  "indaur": "Indore",
  "indor": "Indore",
  "indore": "Indore",
  "pink city": "Jaipur",
  "jaipur": "Jaipur",
  "jalandhar": "Jalandhar",
  "jlndhr": "Jalandhar",
  "jlndhar": "Jalandhar",
  "jamu": "Jammu",
  "jammu": "Jammu",
  "jamnagar": "Jamnagar",
  "jaamnagar": "Jamnagar",
  "jamshedpur": "Jamshedpur",
  "tata": "Jamshedpur",
  "jhansi": "Jhansi",
  "jodhpur": "Jodhpur",
  "jodpur": "Jodhpur",
  "kannur": "Kannur",
  "kanur": "Kannur",
  "knpur": "kanpur",
  "kakinada": "Kakinada",
  "kakinda": "Kakinada",
  "kochi": "Kochi",
  "kochii": "Kochi",
  "kottayam": "Kottayam",
  "kotayam": "Kottayam",
  "kolhapur": "Kolhapur",
  "kolapur": "Kolhapur",
  "kollam": "Kollam",
  "kolam": "Kollam",
  "cota": "Kota",
  "kota": "Kota",
  "kozhikode": "Kozhikode",
  "kozikode": "Kozhikode",
  "kozhicode": "Kozhikode",
  "kozicode": "Kozhikode",
  "kurnool": "Kurnool",
  "krnool": "Kurnool",
  "krnol": "Kurnool",
  "lucknow": "Lucknow",
  "luckhnow": "Lucknow",
  "lcknow": "Lucknow",
  "ludhiana": "Ludhiana",
  "ludiana": "Ludhiana",
  "madurai": "Madurai",
  "maduraii": "Madurai",
  "malappuram": "Malappuram",
  "malapuram": "Malappuram",
  "mallapuram": "Malappuram",
  "mathura": "Mathura",
  "goa": "Goa",
  "mangalore": "Mangalore",
  "mnglr": "Mangalore",
  "meerut": "Meerut",
  "merut": "Meerut",
  "moradabad": "Moradabad",
  "mysore": "Mysore",
  "masor": "Mysore",
  "nagpur": "Nagpur",
  "naagpur": "Nagpur",
  "nanded": "Nanded",
  "naanded": "Nanded",
  "nashik": "Nashik",
  "nashek": "Nashik",
  "nellore": "Nellore",
  "nelore": "Nellore",
  "noida": "Noida",
  "noidaa": "Noida",
  "palakkad": "Palakkad",
  "palakad": "Palakkad",
  "patna": "Patna",
  "ptna": "Patna",
  "pondicherry": "Pondicherry",
  "pondichery": "Pondicherry",
  "pondicheri": "Pondicherry",
  "raipur": "Raipur",
  "rajkot": "Rajkot",
  "rajahmundry": "Rajahmundry",
  "rajamundry": "Rajahmundry",
  "ranchi": "Ranchi",
  "rourkela": "Rourkela",
  "rorkela": "Rourkela",
  "salem": "Salem",
  "sangli": "Sangli",
  "sngli": "Sangli",
  "siliguri": "Siliguri",
  "siligurii": "Siliguri",
  "solapur": "Solapur",
  "srinagar": "Srinagar",
  "shrinagar": "Srinagar",
  "sultanpur": "Sultanpur",
  "sultnpur": "Sultanpur",
  "sultnpr": "Sultanpur",
  "surat": "Surat",
  "tivendram": "Thiruvananthapuram",
  "tiruanantpuram": "Thiruvananthapuram",
  "thiruvananthapuram": "Thiruvananthapuram",
  "thiruanantpuram": "Thiruvananthapuram",
  "thrissur": "Thrissur",
  "trissur": "Thrissur",
  "trisur": "Thrissur",
  "tiruchirappalli": "Tiruchirappalli",
  "tiruchirapaali": "Tiruchirappalli",
  "tiruchippali": "Tiruchirappalli",
  "tirunelveli": "Tirunelveli",
  "tirunlveli": "Tirunelveli",
  "tiruppur": "Tiruppur",
  "tirupur": "Tiruppur",
  "ujjain": "Ujjain",
  "ujain": "Ujjain",
  "vijayapura": "Vijayapura",
  "vijayapur": "Vijayapura",
  "baroda": "Vadodara",
  "vadodara": "Vadodara",
  "varanasi": "Varanasi",
  "banaaras": "Varanasi",
  "banaras": "Varanasi",
  "vasai-virar city": "Vasai-Virar City",
  "vasai": "Vasai-Virar City",
  "virar": "Vasai-Virar City",
  "vijayawada": "Vijayawada",
  "vijayawara": "Vijayawada",
  "visakhapatnam": "Visakhapatnam",
  "vizag": "Visakhapatnam",
  "agra": "Agra",
  "asansol": "Asansol",
  "erode": "Erode",
  "guntur": "Guntur",
  "warangal": "Warangal",
  "veggie": "vegetarian",
  "vegg": "vegetarian",
  "rajmalhotra@gmail.co": "rajmalhotra@gmail.com",
  "rahul.jain@yahoo.co.i": "rahul.jain@yahoo.co.in",
  "ravi_sen@hotmail.we": "rajmalhotra@gmail.com",
  "shruti_joshi123@gmail.": "shruti_joshi@gmail.in",
  "rohancn23@yahoo.co": "rohancn23@yahoo.com",
  "sanyasharma@gmail.co": "sanyasharma@gmail.com",
  "shilpa.kohli@yahoo.co.i": "shilpa.kohli@yahoo.co.in",
  "rajeev_mathur@hotmail.we": "rajeev_mathur@hotmail.web",
  "tom_smith@gmail.i": "tom_smith@gmail.in",
  "divyaj17@yahoo.co": "divyaj17@yahoo.com",
  "mexicn": "Mexican",
  "umbai": "Mumbai",
  "americn": "American",
  "north ind": "North Indian",
  "less than rs 300": "less than 300",
  "under rs 300": "less than 300",
  "less than rs.300": "less than 300",
  "": "more than 700",
  "between rs 300 and ": "300 to 700",
  "rs.300 to rs.700": "300 to 700",
  "between 300 rs and 700": "300 to 700",
  "300 to 700 rs": "300 to 700",
  "300 to 700 ": "300 to 700",
  "300-700": "300 to 700",
  "between": "300 to 700",
  "between rs.300 and ": "300 to 700",
  "above rs 700": "more than 700",
  "over 700": "more than 700",
  "more than rs.700": "more than 700",
  "south-indian": "South Indian",
  "south ind": "South Indian",
  "north-indian": "North Indian",
  "chinese": "chinese",
  "under 700": "less than 700",
  "under 500": "less than 500",
  "middle budget": "300 to 700 budget",
  "fit in my pocket": "less than 300",
  "mid segment": "300 to 700",
  "300-700 range": "300 to 700",
  "mumba": "Mumbai",
  "delh": "Delhi",
  "pun": "Pune",
  "bengalur": "Bengaluru",
  "hyderaba": "Hyderabad",
  "chenna": "Chennai",
  "bhopa": "Bhopal",
  "durgapu": "Durgapur",
  "koch": "Kochi",
  "meeru": "Meerut",
  "asanso": "Asansol",
  "jalandha": "Jalandhar",
  "nagpu": "Nagpur",
  "patn": "Patna",
  "sangl": "Sangli",
  "ranch": "Ranchi",
  "banara": "Banaras",
  "hubl": "Hubli"
}