{"py/object": "rasa_core.featurizers.MaxHistoryTrackerFeaturizer", "max_history": 5, "remove_duplicates": true, "state_featurizer": {"py/object": "rasa_core.featurizers.BinarySingleStateFeaturizer", "input_state_map": {"entity_cuisine": 8, "entity_emailid": 10, "entity_location": 7, "entity_price": 9, "entity_sendmail": 11, "intent_affirm": 1, "intent_deny": 2, "intent_email": 6, "intent_goodbye": 3, "intent_greet": 0, "intent_restaurant_search": 5, "intent_thankyou": 4, "prev_action_default_fallback": 25, "prev_action_listen": 23, "prev_action_restart": 24, "prev_action_restaurant": 38, "prev_action_slot_reset": 44, "prev_get_mail": 43, "prev_mail_results": 42, "prev_utter_ask_budget": 33, "prev_utter_ask_cuisine": 32, "prev_utter_ask_howcanhelp": 30, "prev_utter_ask_location": 31, "prev_utter_ask_sendmail": 34, "prev_utter_default": 28, "prev_utter_do_not_operate": 29, "prev_utter_get_email": 35, "prev_utter_goodbye": 27, "prev_utter_greet": 26, "prev_utter_restart": 37, "prev_utter_sent_email": 36, "prev_validate_cuisine": 40, "prev_validate_location": 39, "prev_validate_price": 41, "slot_csn_avl_0": 12, "slot_csn_avl_1": 13, "slot_cuisine_0": 14, "slot_emailid_0": 15, "slot_loc_avl_0": 16, "slot_loc_avl_1": 17, "slot_location_0": 18, "slot_prc_avl_0": 19, "slot_prc_avl_1": 20, "slot_price_0": 21, "slot_sendmail_0": 22}, "num_features": 45, "slot_feature_len": 11, "user_feature_len": 12}, "use_intent_probabilities": false}